Age,Income,Education_Years,Credit_Score,Savings_Rate,Feature_X1,Feature_X2,Feature_X3,City,Target_Label
56,81832.3429551895,12,674.3800713771199,0.42099927644503077,-1.1437262073206618,0.5006657213812097,1.904136589573007,Abbottabad,0
69,65486.97890826721,16,593.5921369263272,0.3642453385808066,0.10855970577652314,0.04977368718096008,1.6259589153620633,Karachi,1
46,27209.4505106898,16,521.9695601329106,0.3882237232498623,-0.0332299906444608,0.007063158628176452,2.218780233448134,Abbottabad,0
32,42736.48890700623,18,737.2457328280145,0.32808091884053575,-0.2081168572725397,-0.6603211394734471,-0.1590452104000513,Karachi,0
60,69003.66723779934,16,715.0201177958661,0.08871438473485344,-0.12853751143893075,0.6988284202025348,0.29562448874709507,Gilgit,0
25,39384.958015718286,14,640.0824136220617,0.27251345944846916,-1.881849045497639,0.4209729443893898,-1.5166425494207911,Gilgit,0
38,56657.291422193426,14,834.6636996047666,0.4923348697622541,-0.5487249077409615,0.49201884799279927,1.4769344261182744,Gilgit,0
56,61619.510801440054,16,,0.46869403324855946,0.09284490114111471,-0.5260348426675804,-1.167779551267935,Karachi,0
36,36096.04292632875,16,497.44748290752614,0.021586867898505835,0.15985639199740037,-2.1533429198712444,0.2167755637626291,Islamabad,0
40,49107.119659072996,18,580.8091930118755,0.08240740786471856,-1.0276751409259581,1.0971527117536957,-1.097302527632844,Islamabad,0
28,1380.9898989639114,14,645.4413983644503,0.06586438672728095,1.2657078408647007,-0.47883745600840416,-0.5888668267386961,Abbottabad,0
28,34634.185379985654,14,674.3339449322692,0.36298995499264775,-0.8661748482145009,-0.8627757640431206,-0.8372624310497003,Abbottabad,1
41,46211.4777291026,12,625.876394214367,0.40889266492847254,0.9694572005267368,0.6934789119139937,-0.6078752606758179,Gilgit,1
53,31283.252270527257,18,685.2055396514297,0.10675568315533596,0.42719436187168486,-0.3920126399191296,-0.5391227031489786,Abbottabad,1
57,74486.16955897454,12,524.8460575809556,0.2529263464759145,-0.646227309843803,1.0599363840466218,-0.5482687949250771,Karachi,0
41,28547.87933059051,14,794.3764604073259,0.4203515140056,1.775310892609512,0.6170059495766975,0.8333339117803071,Karachi,0
20,43399.332699545244,18,641.7848821607431,0.3664007723831253,-1.19363683175648,0.6835693232004776,-1.10486279306252,Abbottabad,1
39,51961.10865929137,16,761.7295831588127,0.27111860274592414,0.9191541736100015,-1.3659557112005343,0.22054142701386686,Abbottabad,0
19,71619.09933599173,18,684.2725346377704,0.29517384522938644,1.0005823180429783,1.2119439853864005,1.2179591523055584,Abbottabad,1
41,28462.06773230841,16,695.6753219153784,0.25418027345814,-0.6706202090766449,0.26125053123385605,-0.513196364513396,Abbottabad,0
61,67447.45628232439,16,706.9767280232204,0.1487742256594103,1.3924653000643288,-0.36927713924620315,-0.7179188907476018,Gilgit,1
47,50153.4959152938,18,694.7708560017315,0.28251099642950805,-0.2500465145989528,0.14338846734225108,-0.23052462518025083,Gilgit,1
150,35277.37023428074,16,714.2722759867544,0.34444265102504534,0.28869362927985703,-1.77623523289832,1.1797252083607102,Abbottabad,1
19,56931.55211394906,12,782.9152530132432,0.43666145793040384,0.2603218387712207,0.40865281148067084,0.1941076309533577,Karachi,0
38,52985.895433602054,14,669.6521169701471,0.31814567698962404,-0.1343087414705478,-1.0293715081820716,-0.5312142946075985,Gilgit,1
50,40996.74684261808,16,720.9003757588512,0.380560768521579,0.8108082731597821,-1.3526702858435344,0.48387665118803974,Karachi,0
29,51047.031274850284,12,641.0264305712773,0.0800358174772865,0.793488720552213,-1.5223591862178911,-1.1022921498364233,Islamabad,0
39,44220.2960470736,16,794.0117215449472,0.23077873720989495,-1.7485319732381808,1.1126883749899252,0.681359510442948,Karachi,0
61,,14,582.360769794073,0.004665809913546648,1.3043402428781525,-0.6292633936927887,0.4086073077017676,Abbottabad,0
42,59931.9601178157,12,830.0940432910816,0.12333943226081151,-1.6624919880356743,1.5337277099164992,-0.3078084711388841,Islamabad,0
66,73790.25224218029,14,,0.3632308575565024,1.0325462043416573,-0.5358014630522978,-0.838585798447231,Gilgit,0
44,31432.767517597265,14,506.9224897881952,0.4959049756746817,1.1267051368275833,-1.7073579575929467,-0.8866809222834573,Gilgit,0
59,,12,662.8104414910789,0.04958904979360795,-1.0909664302151982,-1.1165244399486591,0.5348173363459102,Islamabad,1
150,20718.68300716247,12,581.8948342525119,0.20074715793064413,-0.4108142879545848,1.2358116200069387,1.2289805024890619,Karachi,1
33,47723.22357446625,12,734.0643548988724,0.40003548434957975,-1.1057046684859357,-0.15589817793666752,-0.6373077470287948,Gilgit,1
32,58824.75809726865,18,584.7376020697609,0.10201781731444942,-0.21492103028873533,-0.5482872964906009,0.45838670355148425,Abbottabad,0
64,54214.87801602549,12,605.3816566785221,0.2775424746511431,-0.30803428418574125,0.1600182258527877,-2.0870270186020687,Islamabad,0
68,40659.50720269109,12,461.0459269054469,0.3665356480148374,0.7796605322693398,0.501782736167545,-0.5846177306571996,Abbottabad,0
61,,12,604.7693680750923,0.3079927251300895,1.3103087461196083,1.1173988159024608,-0.031058932870901952,Islamabad,0
69,42604.985980117504,12,407.61206733710435,0.09401236730770807,1.395683810789956,1.4484992298929262,-0.9096834169818336,Gilgit,1
20,41159.52864583683,16,491.6097176514277,0.1776922843428697,-0.5621680265783021,-0.35976864578908574,-0.936506374789596,Karachi,0
54,62744.03145531537,18,726.0414656144297,0.3918958922426986,-0.20922187374452778,-1.3260476860820383,-0.6677795564688862,Islamabad,1
68,55355.23228947571,14,728.5800158650832,0.2771132570660083,-1.6834381922209503,-0.413465161123276,0.29219272832637316,Islamabad,0
24,39606.35607109019,12,692.5457561784965,0.0026148067714563683,-0.8058700664961888,0.26028050658288615,-0.1873290184063747,Abbottabad,1
38,63493.99813149876,16,553.3023856870786,0.3804953800140469,0.9648516330974576,-0.9637589262106109,-2.238231233324972,Gilgit,0
26,54609.49281314914,16,645.228864385802,0.017655677470119535,1.6155828235482317,-0.9571509148950429,-2.120700152635066,Abbottabad,1
56,62192.931782584405,16,649.6397460909432,0.37286689136561607,-1.234348871879922,0.34378788154988543,-0.6068651778571754,Gilgit,0
35,59444.432628854185,14,534.1635310807458,0.1012402800826187,-0.5924642591528942,-0.04865235157045115,0.45768658605355206,Abbottabad,1
21,37565.07483616892,12,800.339830176715,0.4790367400596901,-0.02640575695892703,0.03279699541158651,-2.7475048427252347,Islamabad,0
42,41597.284397045456,18,737.7362290575671,0.18397037565104224,0.2801611588196068,-0.7584953347000695,-0.4997301761516306,Abbottabad,1
31,61209.40407684893,18,627.9035826170336,0.16346580816903955,-0.8096035199216461,-0.23040071420576733,-0.5262478565174211,Karachi,1
67,59155.55398150197,16,652.6885838994531,0.07444402516622234,0.4240610444640897,-0.9242331442683044,1.3883377782084478,Gilgit,0
26,49686.47609053778,14,670.8382807947553,0.15280210774510744,-0.47383934707091613,0.8901984111247868,-0.38502181171286365,Gilgit,1
43,51759.91074963173,14,445.82651315757096,0.4383253809141003,-0.014452270878279104,1.0352493347237526,0.38298898474092846,Islamabad,0
19,69164.97343682637,14,625.2822617479403,0.49816716881362366,0.5462842480036996,-1.8461878622380938,0.14125714008746323,Gilgit,0
37,41126.42916746255,18,581.8015752002201,0.18415476525342417,0.0064222698109378164,-0.92951086019241,-2.1305664798072006,Karachi,0
45,58206.460717550566,16,549.8379990105085,0.22430531547727128,-0.4363858905265686,-1.496529255090079,0.7682072166317373,Abbottabad,1
64,46967.110213491585,12,621.8899707114045,0.3610354691013685,-0.10960980392583083,-0.6500239344068982,0.21539650545628794,Islamabad,1
24,46734.78195159169,18,829.7686526849523,0.44309789023253726,-0.08836295920533532,-0.08343796979036086,0.5082686396745896,Karachi,0
61,,16,714.084286126701,0.2965221670933921,-0.3700110298821277,-1.44964521969853,3.9262377064363267,Gilgit,0
25,62381.245234820446,16,592.8821010217204,0.19576284908891467,-0.25879606266710237,-0.9218598131253132,-2.0841129394985884,Gilgit,1
64,62202.644540009576,12,707.2582781356159,0.20631092042431187,1.598647170504717,-1.0039573720814985,1.7246966497611085,Karachi,1
52,69582.18210731493,12,789.9355436586002,0.34780907324840343,0.5609194479412387,0.20726732939894396,-0.28744751940035557,Abbottabad,1
31,50315.05762449138,12,742.4633682912769,0.0016091318021393408,-0.29548031802916036,0.06934433703625043,0.2873289044030093,Abbottabad,0
34,60229.294569424455,14,655.9630369920175,0.30979466872992034,0.6969544045107356,-0.7217375533372533,-0.04551224530124217,Islamabad,0
53,45345.99865109816,12,585.3063222294426,0.1777465052206787,-0.33381948975600995,0.17682087213939798,-0.4242363333980435,Gilgit,0
67,54862.49528732663,16,719.822331361359,0.3970986656385421,1.1731246375866413,-0.5466800845872654,-0.5698329282387588,Karachi,0
57,48047.85418448473,12,689.348538542175,0.04649531991156608,0.3696421921980939,-0.2716551103260533,0.32950873557300914,Abbottabad,0
21,51454.93947489077,16,739.5193220027733,0.29410113347419525,-0.10730214400422888,1.673452090298537,-1.5171736966716791,Islamabad,1
19,58927.3553815537,18,713.517180168197,0.24048644494306187,0.4477169258102776,1.340461051790348,0.7505791675217656,Gilgit,0
23,37726.689751497914,14,754.9552715319335,0.3211627629526137,-1.5708761520684993,-1.2995812369275976,-0.41619440488525394,Gilgit,1
59,81385.8091352819,18,596.4764788439433,0.03242679724148417,-1.1267674689098053,0.8297324178791745,-1.1300693390403578,Islamabad,1
21,34909.73927750447,18,781.7394065634326,0.28999189371406564,-1.1939250063990554,0.8113965544915921,-0.4500128579958137,Islamabad,0
46,31787.17080818402,16,669.75996046924,0.28074229397976186,0.14294309476370676,-1.1482632887526183,1.2571492168625729,Abbottabad,1
35,67371.66310250101,18,857.5260872625265,0.28033004720808546,1.732514999485092,0.8187776437548606,-0.5353350870162231,Karachi,0
43,61874.94040944404,16,581.0812181910433,0.3017438332982274,2.2313001461926323,1.5379319184125528,0.35845361820962024,Gilgit,1
61,59361.79725578232,12,823.5963803165249,0.3382339686131811,0.6380511014407572,-1.1225448062444139,-0.7309562757154733,Karachi,0
51,59425.1826389642,12,669.7910783462647,0.4024944998403849,0.5008444749444569,-0.9175028210142636,0.7579218499236196,Gilgit,0
27,49816.29840729628,16,584.8581996385551,0.13491036006410717,-1.801057734152739,1.0176614668435024,0.6855077387902041,Gilgit,1
53,36541.18442771253,12,601.6114165945678,0.41252470509003103,-0.5426737997340217,0.271495310825648,1.8486088332964115,Karachi,0
31,51137.068372905895,14,617.9652691805679,0.2491278411317268,-0.7877837519082389,0.5514762752395233,-0.1755639454992155,Islamabad,1
48,39842.574327318325,18,692.4165946401916,0.03852913956716558,-0.620847598251116,0.3405892164004968,0.6686548047579066,Abbottabad,0
150,64626.796001266266,14,702.2835488035499,0.0292754646219896,-0.1681438185847896,0.39069592092814415,0.09806753953894455,Gilgit,0
32,47794.13927746792,18,592.6299996061421,0.1671191593480304,-0.47209057769712737,-1.326472128311083,1.2958717818630143,Islamabad,0
25,37617.54204811233,12,647.5645407739017,0.3924484885557338,-1.9792998103757877,1.0473177066214483,-0.7188323876087304,Gilgit,1
31,,14,864.2270358611863,0.3538404673704579,0.7479102561175338,1.1695899924277735,0.7450053128772811,Abbottabad,1
40,56193.97181413436,12,822.7543170100712,0.3943074823362032,-1.0727430257398065,-0.22939074406802776,-0.19469729611668168,Gilgit,0
57,41544.13170794038,18,693.6323669674032,0.2586345282208047,0.23924686411114954,-0.04347694981386243,-0.06418817710849775,Abbottabad,1
38,37666.69406650353,16,653.80034781682,0.22009949897774528,2.0740826697499735,-1.5311075025557221,0.09175248444837286,Abbottabad,0
33,53655.30817237868,16,662.0031326718262,0.07372626335314197,-0.9193845915864234,0.5142547560178349,0.2522403964266774,Gilgit,1
62,53674.49856663084,14,711.3517972730417,0.16409637680465577,-2.5302875227463297,0.5720574417141441,-0.11622904312195817,Gilgit,1
35,42395.85236943305,12,547.7207434801594,0.21700968308693763,-0.2860042218801108,-0.062191016999311004,0.21471318317052634,Abbottabad,0
64,42934.425415725156,12,624.2623462576655,0.044300214839808616,1.100959634998571,1.1243533598705027,1.5781180575621845,Islamabad,0
41,53480.74906036454,14,,0.11030597635560563,1.9583474542205939,-0.3340772309799405,0.9854496856152184,Karachi,0
43,28278.734877540137,16,689.922312260528,0.2991126470318694,-1.2295495944524168,0.5646059258936003,0.8691545924968965,Abbottabad,0
42,28888.043384351673,18,714.7195939702741,0.3678315571195949,0.4966992232365217,-1.0196643386921156,-0.4555395260238707,Gilgit,0
62,39223.33668121346,14,601.6813537700626,0.4991737556964748,-0.46531045678005334,-0.02355215087423812,-0.8892408282283243,Gilgit,1
58,46798.292724322295,18,807.3986763290033,0.46655666567177884,-0.10594835430413566,-0.17435425790283585,0.9553005582377528,Islamabad,1
46,54663.61348397007,16,527.4234336997658,0.32128259976759577,2.6443433470170348,0.22530792204094158,0.8760467925297942,Karachi,0
32,72130.34325424329,12,503.562511979018,0.210624026647036,-1.5029703283951532,-0.3695269288333586,1.472670675750982,Abbottabad,0
62,62864.89434803029,16,672.4451818559972,0.31808868235411636,0.25373966149457344,-0.1314725956716678,-0.6039806259692295,Abbottabad,0
18,47600.922050548594,14,754.7098302612154,0.392825809040116,0.4676931717654332,0.8260471714415063,-0.22954865536034708,Karachi,1
42,49714.75688145967,12,818.3927691457868,0.05916809546169366,1.0857863249393471,-0.43676423723821745,-1.6394841625254342,Abbottabad,0
24,34962.05953043287,14,604.111573713106,0.20495244484814412,0.09798315347089544,-1.6065771007386793,-0.39247110606087293,Karachi,0
26,49722.30296011415,14,757.8680833431296,0.4199011428178086,0.3080505395041023,1.7495839042054206,0.9965705105794472,Gilgit,1
41,45670.120416197926,16,646.1491530499293,0.191916475966522,-0.3916485674217911,1.3814540786904865,-0.46649537922819795,Karachi,1
18,54840.778405071345,14,632.737270005918,0.28593613561359327,0.26912694124510733,-1.2922626951056186,0.6404797952008238,Abbottabad,1
61,37591.53584671515,16,738.3659937486673,0.2938846804310991,-0.3431922754974105,0.6897078052451944,-0.19050310599781134,Karachi,1
25,57790.197713617585,12,715.232287841342,0.09223812656681968,0.6215718898560508,-0.5029747705513431,0.32405702822156063,Islamabad,0
41,72991.08369503866,16,492.36078430157505,0.1811177208261442,-0.36961033604363397,0.26348721533105957,-1.1476913898156673,Gilgit,1
28,48368.597773147136,12,797.6540349725896,0.16725564437096607,0.37710039390218647,0.2942241290134937,0.08520944963390106,Gilgit,1
68,56025.67583148412,16,788.0091354147452,0.013098354266032397,-0.029262813684978354,-0.234407800316322,-2.9911359709007233,Karachi,0
34,60352.159875666686,18,587.443729849047,0.012095881945677622,1.1260502507721681,-0.7837656655863965,-0.18689615816198485,Abbottabad,0
25,43981.692921712456,18,689.5803533437409,0.41584852183788673,-0.05139372358848624,-0.6905410523162594,-1.6304732437151401,Islamabad,0
52,53361.38722715625,14,699.4030186282739,0.1365354049864062,-1.7730324682068814,-0.9161919154812425,1.205994516546816,Gilgit,1
52,50188.88601172692,16,676.0673765823907,0.2590393831194077,1.2619215007139917,-0.8318222082304447,0.7774073527645112,Gilgit,0
50,51465.14147823248,16,594.969484615458,0.14936278679438653,-0.9057323008626189,-0.06717829004935526,0.46667098196608103,Abbottabad,1
22,38404.853242168,12,582.8376632061949,0.47033962255767026,-0.6537663386488198,-0.7157599891107518,1.52100622715938,Abbottabad,1
59,50367.652613884144,14,647.4445929008555,0.12964837943288687,-0.5956612940434921,0.6820520657126199,-0.9489165208248372,Islamabad,1
56,57469.974368681746,16,767.2729019259365,0.21482840636946754,1.3744380931708173,1.4872461553359273,1.7473631979155582,Karachi,0
58,71767.15411692562,14,704.3600154594433,0.4363651252423009,-2.1356742139786955,-0.580053241370043,0.9321915642603847,Abbottabad,1
45,64389.0623912781,18,612.9385667913893,0.4209667833959043,3.1377485336599937,0.23940450053537707,-0.23655528721894603,Karachi,0
24,82297.73686267334,16,727.1698710648345,0.09305070892313866,1.0560568090660518,0.49968511030293383,1.1356201471829441,Islamabad,0
150,38489.78655667926,16,365.1457379369925,0.4013216548978552,0.22323891412915967,0.4720022709192744,-1.1062935124116342,Karachi,0
25,63084.80955081017,14,764.8765700372103,0.22909344336894633,-0.05489400061628639,0.07595526791608741,-0.8245141615276735,Gilgit,1
29,52750.130086075274,16,476.02862212219003,0.2414844360426776,0.28555407485765694,0.7426824183597224,-0.6085897232397004,Karachi,1
51,82847.04399826509,14,613.7559058596868,0.06673998620797189,0.5211224283793383,0.4822489526806572,-0.5289777080640152,Islamabad,1
50,37875.525719672725,16,538.0330105373856,0.04030075687856233,0.645215585950057,-1.2376624223272978,-1.0565576427602528,Islamabad,0
65,37404.17236728836,12,520.5318524279094,0.3639696534868826,0.5556044660034485,0.8691560643892732,1.223083067095325,Islamabad,1
40,41009.11031833967,14,766.0826787378519,0.24823057617764988,0.08958068125524882,0.8872908372667421,-0.25885440036983165,Karachi,1
41,18141.564135352895,16,603.2298798688108,0.21842535130758978,-0.1973384203073261,-0.7632861041785816,0.35250496835687956,Gilgit,1
54,42113.674674788585,18,684.6503881730716,0.36475411432619836,-0.1512732836535117,0.03793783544760203,-0.5703513664136806,Abbottabad,1
52,,16,645.3079421120816,0.3827564494955549,-0.194908280352681,0.6833289928110694,-1.8206033005485172,Gilgit,1
61,52255.906797143114,18,697.7040827223121,0.07945408383467678,1.1337700968670645,-0.20931381957936157,0.2700573583914221,Karachi,0
57,55126.339636657394,18,657.6821891060256,0.30511257473882064,0.5935567222808619,1.0729780477660118,-1.9122549754197768,Karachi,0
39,,12,521.700777581143,0.06767704113884276,-2.9403886346642802,2.3638724946193608,-0.06863404608546861,Abbottabad,0
44,64256.35757279075,14,749.626681944714,0.37568754301452284,0.655900776529761,-0.7859860326349823,-1.3683150388328105,Karachi,0
52,,16,600.6243416838688,0.32847757813356976,0.19473619471877485,-1.3810446031537749,1.987275999230808,Islamabad,1
18,36523.77992977463,12,494.34181013402485,0.478307310541729,-0.018708756445897416,0.30381859560487573,0.9113627221747217,Islamabad,0
52,57378.78757259758,16,607.1884839034087,0.03447900817821059,-0.38851845308888583,0.7215625051261435,0.10575379127148042,Islamabad,1
54,30196.501894690366,18,800.0759790634311,0.02852736057562716,1.1241127199860135,-0.23086637384476896,1.2637066776546686,Islamabad,0
64,77471.8814878153,14,735.0221742113492,0.14109353734660007,0.9475264621228578,1.4532606633210343,-0.8463159774657358,Islamabad,0
150,67691.60181081931,16,615.134786559214,0.13085284186795298,-0.7728776678236091,-1.3386057997232488,0.543479378670093,Karachi,0
20,42962.365218429426,16,615.0742295681571,0.12348939953599991,0.4070522871245351,0.6929186230316111,0.1998104337187135,Abbottabad,1
18,24302.98206363684,18,617.8364948782618,0.45312729026051835,-0.971656734541286,-0.6058608207588934,0.26402008133367,Abbottabad,1
22,70308.0856124812,16,857.6747983560841,0.12477309992475305,-1.3796181647889305,1.7193779062072967,1.2723535001067678,Islamabad,0
43,48281.902321210735,16,688.1935452231553,0.1359748630643155,-0.6267172245899651,1.9925153531681183,0.7324921027798023,Karachi,1
31,68567.24467960192,18,,0.37969913120898185,0.8623934723827588,-0.7666565877833479,0.28872366282502326,Gilgit,0
56,26083.585118084495,12,753.0283454031842,0.22486992122527,0.9531250453760867,-0.5495571359085801,-1.6548874362282961,Gilgit,0
44,41009.374655693406,18,673.8789159026513,0.3883552784775906,0.513085420097293,0.8595878869798019,-0.9600462952794637,Karachi,0
26,50078.65549577275,12,624.0957854179297,0.03268307878219262,0.7250957868479971,-0.3871306497895146,-0.12270893359572414,Islamabad,1
32,50704.70890647113,14,630.3650150915022,0.24378559683669215,0.5161782871149584,-0.04541121793223822,0.09337237427665124,Abbottabad,0
32,43249.01792781134,12,642.8398740585936,0.016806800091641316,-0.6414815952229522,0.02538842054241018,-1.1302037246739238,Karachi,0
43,59342.748985212485,12,,0.03132660172767726,0.43192254467394064,-1.9196731561976563,2.411676675578421,Gilgit,0
59,33985.69355926108,14,722.762954363698,0.4532187266722055,0.8004095252276823,-0.01383774609423725,1.5163940552535728,Gilgit,1
30,47864.3077246806,12,655.1945885807299,0.06962268555879758,0.7542913298135743,-0.6897277740641738,0.6021183203924835,Gilgit,0
68,51804.434475678485,18,723.264007721558,0.26621034113760855,1.188913371474643,-0.493122822399772,0.07203686128374476,Islamabad,1
49,57716.582510881235,12,641.9283419891418,0.20554780130035327,0.7083038472010638,1.4436320034688142,-0.21220896990115168,Gilgit,0
56,60674.223171333346,14,657.863519031609,0.17367166312942134,0.3514482075415829,-1.2565068942792563,-0.9519184600222356,Karachi,1
66,33130.36862243196,18,450.17993154678925,0.44991667284363623,1.0701502383164274,0.8132051867479773,0.07748051851886253,Karachi,0
69,26988.287438965664,14,741.6327674702482,0.01091169838774475,-0.026521259249060063,-0.2789629303318085,0.2577525401427507,Gilgit,0
49,69165.15232847763,14,684.6488475897993,0.33189484308779454,-0.8818746512277178,-0.2797601684958344,-1.2417605754816243,Karachi,1
21,54984.71017969387,16,749.8010109859653,0.4816972171067752,-0.16306696394376388,0.7903718960517113,0.33417641724489744,Gilgit,1
47,38772.701951651696,16,360.3744621806311,0.28008409173092097,-0.7449026448064491,0.34005129456889044,-0.15525904882474875,Gilgit,0
54,73267.27963283785,14,858.8374704780728,0.4684112310165459,-0.6751782749743815,0.570612997219531,-1.907807557877391,Abbottabad,1
40,51735.11951439288,14,636.0410371844827,0.026128939643011884,-0.14451867071551783,0.9681846605328611,-0.8603850107795019,Islamabad,0
56,67689.45776095739,14,760.8182816737517,0.2093966595370807,-0.7924199209999613,-0.33130838318332273,-0.41360553342164424,Islamabad,0
62,51012.777221151635,16,546.009407287447,0.13007889548102558,-0.3079615296390403,-0.6122367345077503,1.8876876573401904,Abbottabad,0
32,80911.21887322981,16,711.277390506257,0.3654104824903649,-1.8936146669537857,-1.085150526557798,0.5565531245337582,Abbottabad,1
60,76330.11263664806,12,544.6584436826344,0.49064854524862334,0.21329370737293857,-0.8254105299789551,-1.3354815690998914,Islamabad,0
46,46265.5377728139,12,587.6231039304195,0.1282650312221239,0.0012054753622242368,2.9490944253087252,0.486036289417637,Gilgit,1
53,,14,841.4031353866786,0.32708730073703723,-0.8170886310681906,1.2446795807367868,-1.5473039889383655,Gilgit,0
30,59680.639243777216,18,630.9317599236654,0.09904881637987006,0.6592456684324051,-1.3510743662080213,1.0826910538870733,Islamabad,1
49,70529.47336298523,18,671.7432873179723,0.28266512728580495,0.9375701376265584,-1.3224579567435701,-0.4711246518178786,Gilgit,1
24,35526.14809129843,16,737.0067730688754,0.2319662433441681,-1.6075598643689741,0.4818660617184915,-0.09363618873917084,Abbottabad,0
68,60290.77189997659,16,699.5681887972605,0.48600266481576854,-0.7627247785662142,0.547264797377967,1.32579664754219,Gilgit,1
39,65876.36730274382,16,665.0418905143576,0.3042636363482333,-0.7691423497872982,0.5488838353173644,-1.28716356858425,Gilgit,0
45,23618.907703653287,14,686.4961002466225,0.1747531860434094,-0.9399031011088647,-0.25495579355369785,-1.3971181851129912,Karachi,0
19,32251.122310013372,18,890.3415585238275,0.057047892443966686,0.8294748419317485,-0.12545426000290022,-0.5835993263460049,Karachi,0
59,19411.51733359849,12,644.2381202966415,0.07562341436746728,-0.19382613877280352,0.3278795241593574,1.0383788510193166,Karachi,0
62,45958.89748333163,14,670.1099046714968,0.11265846497561754,-0.26451484131061076,0.08589300629333041,-1.5193460754768424,Gilgit,0
23,60763.133836939436,12,755.0654396007612,0.125483330670149,-2.0038623644067535,-2.219300372747535,-2.832155598110569,Islamabad,1
45,72535.35578144042,12,760.5525932957984,0.4253080289205689,0.6354180302092264,-0.22979963057519381,-0.4511588584089988,Abbottabad,0
45,51111.42170629663,14,768.703030556038,0.28061139414126246,-1.2392583948534726,-0.8514064342603136,0.5517407999109204,Gilgit,1
61,74429.23318356938,12,713.8730222029185,0.2616954556871832,0.05993263026632825,0.17521141890851205,1.2002617497388293,Islamabad,1
61,29298.47812677663,18,535.6995087269516,0.057384435934608735,0.2773769379581917,2.98525900260341,-0.463161362085399,Gilgit,0
37,24449.26340967268,12,813.3431532301096,0.4300698466747175,1.360658595838651,0.3674816654743044,-0.41142660711600243,Abbottabad,1
47,49166.78451655072,18,535.3654606981312,0.36140715160424186,-1.308820399119112,-0.3135296861723979,1.1539007342557472,Gilgit,0
28,55760.98173408961,18,680.2635465239033,0.03383418095000079,-3.0195121558208253,0.9218015019772522,-1.8697416996954206,Abbottabad,1
150,49509.578778588606,18,574.5724149980642,0.35391754861488434,0.18384954475369486,0.4826878872092127,-0.38852077518300926,Gilgit,1
42,18988.36849940185,16,643.5861653407007,0.27176910867132303,1.8005111815108537,0.4200944904518413,0.19042388992505774,Abbottabad,1
56,48663.19940730817,12,682.8762410303481,0.04086267287338913,1.2389463529394373,0.606850593215671,0.44921872128503426,Gilgit,0
50,30432.957492427202,14,682.1357215450273,0.22915032076432823,0.20965941527462578,2.0565435648295414,-0.5098066931908826,Abbottabad,1
18,60045.08823245058,14,692.1920754235284,0.2423481435650235,-0.49163618563204736,-1.1308884353259157,0.03444101170584135,Karachi,0
44,55498.973691452724,12,811.3711269058647,0.08288727008163788,0.8071225966373103,0.47363207681145447,-2.4883273534129895,Gilgit,1
69,35901.80320508967,16,695.353430151398,0.47284907350014116,-0.9735461997044687,-0.9263811299815384,-0.6582484123338483,Gilgit,1
30,42291.9962399496,16,625.5843364709351,0.42498768574033097,0.47635776935621926,0.5555126463422483,0.4535087125544674,Islamabad,1
58,34111.79717166573,18,746.4087168288357,0.33451116866455416,0.5054701591666269,-0.9186865114860944,-0.9822940342546795,Islamabad,1
20,49059.813540902425,12,768.9470488924641,0.2311477805003036,1.0602099074988798,-0.4173668136050844,0.058984221589597374,Abbottabad,0
56,64327.134807518574,12,527.2392184863007,0.20588277079225425,2.7596600389110777,-0.2950899142379063,0.446872500802698,Gilgit,0
23,35214.10930496684,14,709.7400069849858,0.3254867335754771,0.39241596717876703,0.975816719344709,-0.34254920085776497,Abbottabad,1
25,57560.697732767665,12,,0.27271593470345273,-0.5089636257074988,0.9184544439424138,0.1704637709965709,Karachi,1
44,42046.13572441339,16,620.2436496640008,0.031136552940942808,-0.025574312191994436,-1.2457173764463845,-0.9627325652846123,Islamabad,0
26,38106.907516064835,12,787.570681331162,0.25625132438516585,-1.7690759048891183,0.054934110999848726,-0.20661127969604665,Abbottabad,0
54,48394.544600681635,14,634.9944412967474,0.40320180861641974,-0.6947131310890582,-0.7095798547491726,0.6102161695892225,Abbottabad,0
50,34471.365163709386,18,662.5576453471542,0.22961993879847903,-0.409282438113104,-1.2585049106753345,0.15697296096843422,Islamabad,0
68,41695.26041979227,14,632.6928175716131,0.025978288777134206,-0.5240883979345925,-0.21701705042437042,-0.5865312695639355,Gilgit,1
59,32031.831611167272,14,651.5579047581467,0.39313909969201655,0.152354872033722,-0.3084827884558197,0.224216404290793,Abbottabad,1
61,79470.87699374584,18,540.3724913104799,0.1006818910679872,-0.8224199323822006,2.4267164863455224,0.714609790636618,Islamabad,0
41,50528.95327957593,14,505.99491174057056,0.1293104174440194,1.1210306673244714,0.43295982536069616,-2.049941278577478,Gilgit,0
32,39504.117380111216,14,809.4505063224972,0.08235317671614795,0.00020706491819709385,-1.3776175007542373,1.1590740649558977,Karachi,0
49,53209.69866101333,12,565.3038651681672,0.16510753243574877,-0.009300321138614417,-0.5647740041709423,-0.336254738681072,Islamabad,0
49,48315.07925463755,12,550.8607650543693,0.3783757528443175,-0.32789471651291785,1.0213832954293984,0.42548993324023027,Abbottabad,0
41,46685.45600700165,18,434.6609886396285,0.25969292975196867,0.15519068385897913,2.088442772869925,1.197246923645228,Karachi,0
58,59212.50050065138,12,586.1038252310498,0.10244063707535628,0.8250982646676347,-1.5859833122379583,-1.371673697230466,Gilgit,1
69,61362.61565070957,12,517.6910206592502,0.4389150390760204,-0.8671302157109003,-1.879924385139045,-0.7094410024275466,Gilgit,1
66,,14,814.2015160136369,0.4397909274757646,-0.6581164890752567,1.8709651753717822,-0.2885486958757048,Islamabad,1
66,41362.7263903298,16,750.9817089342635,0.43528921252300345,-0.30372602877666466,0.38961417737090387,-0.7837535211244283,Islamabad,0
69,45874.22454272534,12,581.1849654822277,0.11939810569076964,-1.345870923473215,-0.8682927318763665,1.7349365758368085,Islamabad,0
29,15471.18252896623,16,875.2435805344309,0.22561967209049405,-0.8192578597214978,0.5346290861224353,-0.8567720938267928,Gilgit,0
56,,12,748.1765486991594,0.49249482807043754,-0.47622087354465903,-2.6357477390168778,-0.5555467794868666,Karachi,1
19,70503.11401166787,12,,0.3860062381549952,0.8743891807127275,0.003375506597160999,0.20438903160297678,Gilgit,0
20,74674.51570251926,18,400.0594285126427,0.013583710612779909,0.26256132900192497,0.32782117284308526,-1.2021495260760888,Abbottabad,0
66,46264.45940665432,18,879.0942572590742,0.032602295630246025,0.19358991136754436,0.9242701395378298,-0.39568071175626385,Gilgit,1
54,58648.35444583649,18,511.0427533236404,0.23196568840616638,0.8508979621679722,-1.0138959522925377,0.31745326125017514,Abbottabad,0
66,54668.75231815304,16,485.46012530431085,0.4546101029307801,-0.13737178839939665,0.08568716140335904,-0.33286040438251124,Karachi,1
34,96183.21212682856,14,,0.2693508989763571,0.3904648499288896,-0.9254246260595873,-0.09338685889994829,Islamabad,1
66,66793.62367151865,12,893.9752406339273,0.2489062540171451,-0.10322175293249623,0.2553837556743171,-0.5293321124483709,Islamabad,0
19,48081.2361277885,12,788.4272818510518,0.05273684997831529,0.26536234939962844,-0.8953463223630241,-1.514470309180767,Gilgit,1
19,35666.89339099362,12,706.3909120052359,0.328390052362147,-0.5827586576115821,-0.4081008391602206,0.32159321133923857,Islamabad,0
45,25903.30519613641,16,,0.41105158030011274,-2.438817158276429,-0.9958153947902291,1.7549330716472415,Karachi,1
40,53051.954538008344,18,735.3415558780308,0.19021000375378116,-0.13427916218630415,0.651136241823657,0.01840163078343813,Islamabad,0
54,38654.73882073545,14,725.8928589786765,0.38780592546266374,1.42274813609994,0.8584511166566653,0.22526411724754952,Gilgit,1
49,28666.19435603489,16,678.1191423969376,0.4822383269504058,0.9262154022415924,-0.2346205699574138,0.6927227551168594,Karachi,0
50,40301.4067363621,18,660.4201103951876,0.10188322956384455,0.9653974845911707,0.03823799496002834,-1.2693304965466992,Abbottabad,1
18,33776.779945784074,16,643.7406872100478,0.26166481559737065,1.2361307218062179,-1.4485914146335441,1.7025146581296056,Gilgit,1
36,75307.12452608848,14,574.6035411133323,0.14356897904228777,0.08865759096143744,-0.29967664800678706,0.20232879642280202,Abbottabad,1
19,63224.59635424176,18,621.9324923133225,0.3964272095169197,0.1973157074055956,-0.05020461704174478,1.631856899089109,Karachi,0
61,49880.41038025074,16,480.70431858046146,0.28879668294057875,-0.6176518954343502,2.620793091029975,-0.7330329955239894,Gilgit,0
43,72199.16208335038,14,640.166037320525,0.3172912087751519,-0.31607285602704976,-1.1119670257741636,1.8180619225578247,Gilgit,1
49,51160.524614714275,12,551.1408892849082,0.39895707980794703,0.6157711497711416,1.4641772387524374,0.7751554940347831,Karachi,0
23,37080.73698007604,14,539.641068278423,0.19798523633122744,1.2038844371688162,0.996858773465808,0.5530400858523584,Islamabad,1
49,72846.86115904486,12,667.9894151153478,0.4575450342035216,-0.13944627568099954,0.2806364044901364,0.23402445435314795,Gilgit,0
21,,16,789.2002286344599,0.26651443362307,-0.4501892648514116,1.7586204841951334,-0.24852861807444937,Gilgit,1
28,34441.30768510315,18,741.8316606002313,0.078977411417674,0.0005279588565972928,0.3721054726068629,1.2005316584738726,Abbottabad,0
34,47144.91982874588,18,492.9499396376823,0.3479495590844012,0.6012067489291149,0.3891591956679287,0.14035986984804696,Islamabad,1
55,36865.726199228644,16,551.0371863429663,0.3966306752191272,-1.4438548161335418,-0.053120653017545344,-1.9670697035871523,Abbottabad,1
41,29258.00403553496,18,744.0771187988216,0.15838083853376334,-2.296180953137238,1.2235688824186275,-1.1171864617070024,Abbottabad,1
22,63892.66321297462,18,551.751260646169,0.4285896284993765,-0.5505368494915835,1.0964692338108837,-0.1858457521927473,Islamabad,1
69,78641.24960705196,12,627.5366850002976,0.4530716273828832,-1.2207124259141586,-0.6256772874962124,0.3099989831655551,Islamabad,0
51,29021.486392712883,16,705.0052099024551,0.13845224368890446,-0.5081401976473109,-1.3192471945987674,-0.05658848889989584,Karachi,1
23,58444.538550358564,14,553.1655545136365,0.49176073635761103,-0.14778031881747153,-0.20298063739565708,1.2189707897936632,Islamabad,0
39,40240.361463172594,12,660.537550614596,0.07035576402437921,-0.4532484090230134,-0.8000385643976464,-1.9511018640386248,Gilgit,0
28,42693.11924352956,16,516.5974505081796,0.10100783420124498,1.4524675344707454,-0.0635245746153551,0.1435879365051602,Islamabad,1
65,41114.09113641696,12,589.8632356048786,0.09211241961901306,0.32674476460232005,1.2374381346841392,-1.8179792253871547,Karachi,0
33,37040.138454802756,14,681.9781934142537,0.4469948550039352,0.30047435961082836,-0.45730165508679,0.7597122954841684,Karachi,0
50,50727.82441917241,14,490.70062664683303,0.32714627616248093,0.6222071440434019,-0.04282338131157488,-0.09445871444200275,Karachi,0
26,37535.748253834434,16,694.0474737960399,0.07605214161113644,-1.1388331177807691,0.058022734808395225,0.41960997202411815,Islamabad,1
23,54056.85238669758,14,648.0362201073319,0.2201617091841745,1.0391117874202687,0.8484308822052846,-0.8638829605897661,Islamabad,0
33,49246.42835826294,12,705.2489954417148,0.307649012534901,-0.07576428653545988,-2.246889333984605,1.279464931657751,Abbottabad,0
46,46415.77929700386,14,672.3914134064662,0.041732042494691646,0.6704806172412126,-0.6067002947652967,1.0417246640588513,Abbottabad,1
20,36386.545069376036,12,786.4140429973844,0.44120818420366936,-1.0718572330401555,0.21128369227947272,0.5835443030118876,Gilgit,1
37,41348.43004147501,12,662.5224502647907,0.4018017677207676,-1.5537587660160643,1.2000789564268612,-0.12951724686344077,Abbottabad,0
53,,14,607.0594458874747,0.2526033867883191,0.8178896580250287,-0.49190244750620515,0.5798572852951321,Gilgit,1
36,57513.75781436571,16,662.2297503032283,0.4835633076295852,0.3764095260975166,-1.876552706041874,-0.7068925679873489,Karachi,0
43,35336.67132802174,18,704.3298029036388,0.20888048963754985,-0.9020515543575104,0.6197114459661363,0.8555556590207121,Abbottabad,0
20,51489.98458143839,14,654.8860070325704,0.4920551595182489,-0.8696630812746944,-0.6353623888256293,1.649480894323921,Islamabad,0
36,61270.80685057683,12,654.0591691203882,0.33395999940181353,1.1254347844147694,-1.1896666590903613,1.0706105599791862,Abbottabad,1
37,24958.920783179423,12,579.8008312193244,0.31733563662697073,-1.1894118928673278,-0.6243453897132241,-0.7296024698074095,Gilgit,0
49,58150.402885699026,14,583.7099082449051,0.0829774476478925,1.6426729532559634,-0.18452535765584954,0.3614173172731029,Abbottabad,1
24,,16,509.73947282003064,0.440963879152322,-0.9006207346478687,-0.6047446645382127,-1.2931415437586478,Karachi,1
69,58558.98002889739,16,824.957674318694,0.21374484396030757,0.638391925608383,-2.205566057099069,0.5723903111756757,Islamabad,0
58,38551.11265186225,12,525.6136764608715,0.08111670289123968,-0.3286184757489846,0.8970661968871322,0.45060341286253885,Gilgit,1
50,,12,580.7094802204092,0.00630375998787952,0.6031874310823431,1.2748750412787222,-1.869816339532164,Islamabad,1
57,,16,578.1592734430802,0.2798778418191913,-0.5441140021141926,0.6515219913395057,-1.1617838439123638,Islamabad,1
56,50721.27419992073,18,739.4924376944441,0.26369981106133816,-0.1627929060722942,-1.1376856704248166,-0.28313889674376713,Gilgit,1
35,53895.83752582223,14,620.5050321707972,0.3596768111845793,0.04091917539572113,-0.20149153394751798,-0.30085974714082625,Islamabad,1
57,36435.25062343387,12,,0.44512902650890107,-1.0021874557814727,-0.006521315229458062,-1.2094769354188053,Islamabad,0
18,59578.88688166061,12,582.6509375756132,0.03970329232151476,0.7408243454201259,0.5987943895619102,0.38897872935218375,Abbottabad,1
28,25077.1990659656,16,677.8994162223802,0.3657482451701812,-0.5132135664715852,0.6683404887180808,0.2514736089405121,Islamabad,0
45,49008.80302029025,14,566.4652946740242,0.09370597204879111,-0.22859991534001858,-0.7341737987784958,-0.1942691319785193,Islamabad,0
42,31834.75700356315,16,864.5149127773388,0.429088526578582,-0.9943493746085122,0.08199555641356042,-0.7557915001583629,Islamabad,0
67,40222.45838296761,14,531.2401580970487,0.40953175693082805,-2.5623336587953105,0.4572804046152411,1.0487071264165635,Islamabad,0
40,50710.98006974621,14,680.9820710227027,0.2703968774927722,-0.19102776260016902,1.4558223221467665,1.6554071130882952,Gilgit,0
48,37093.799520740715,14,713.3776880932098,0.35512139931165576,2.412615421612916,0.7045065398247231,-0.4835614838465371,Karachi,0
47,44231.66683655262,12,691.3799097451498,0.1571750565918742,0.7846042878980238,0.7890566873755189,-0.6121669171548207,Abbottabad,1
59,65094.39213821661,18,631.4712341122291,0.23558394946640732,-0.01926037973439464,0.08382662792936094,0.4912076654119963,Islamabad,1
52,41346.62195715277,16,637.0179300266574,0.41081844885523583,-0.2628908292082677,1.4104591452035038,-0.35802937974698623,Islamabad,1
24,,18,654.381147197911,0.22963259858660695,0.02246589281204638,0.4097627959594974,-0.13939720066323416,Gilgit,0
33,33054.397180135726,16,635.2997998371511,0.1788991326627209,0.54711911517521,-0.8610879101735704,0.7396531517246714,Karachi,1
43,57947.06266872924,14,746.387911679491,0.24710622362514995,-1.1808128153088449,1.4033699701251907,-1.9093560875072928,Islamabad,1
65,71623.5293098685,12,871.0523001591351,0.4141246262186092,1.114321694668872,0.6979032725390276,1.3183023248526693,Gilgit,1
69,12925.332498090662,18,594.2508214992166,0.16760402368543637,0.7153813154412441,-0.4430440211284823,0.07268052432934134,Abbottabad,0
66,38046.57116794285,12,513.0197020420921,0.0868807965678719,0.7181857257079345,-0.47949296739924335,-0.4114931445621802,Abbottabad,1
19,58656.081907708096,16,,0.3560070101653904,0.4384757388097273,0.2965755451407618,-0.08923415422144892,Islamabad,0
18,46954.31920935511,12,907.9709337654319,0.4129891063540409,0.019616657693989903,0.4631847952675847,-0.03757064497948127,Islamabad,1
65,55567.188100569634,12,569.6325432030269,0.050318739261766665,0.6728612359668199,0.19729226563120644,-1.7312013034449254,Karachi,0
29,40940.22219926269,18,813.9116805444067,0.11993705637797236,0.591814133741378,0.3113086734428849,1.494938227453236,Karachi,0
22,51298.8468120935,14,,0.07098599488049695,-0.3540407109410238,1.6999573745763805,0.041325632270618466,Islamabad,0
54,47664.84146911881,12,594.6411758292005,0.1739707057910833,-0.573601772896901,1.0715431522348857,0.4430021304473752,Gilgit,1
49,67516.73092489711,14,706.8983079185275,0.22517548945270632,0.1018562952619867,0.19063559126502433,0.9515497705740428,Karachi,1
26,53816.31264951819,16,812.8396623128538,0.37441316848165324,1.5490201514951873,0.9413105807674833,-1.0211624575603002,Islamabad,0
58,55064.039931128034,12,612.0872259012513,0.32557379244083706,-1.2391070756539009,-1.0325239035275395,0.47347189903522846,Karachi,1
52,43821.84550816299,18,629.6419639897638,0.3104642837392156,-1.46752526575244,0.39792704994680894,-0.26764109089879357,Islamabad,0
36,42685.906638912595,16,591.8319086051356,0.1761874733048272,0.16476084123651674,1.80930634973311,0.8467707752164937,Abbottabad,0
65,43511.627182705684,16,548.5243269307133,0.42072377654237997,0.05088770185601806,-0.21804589539237385,-2.1272274203514954,Islamabad,1
33,55916.78213567445,18,585.0722454933994,0.23564358369908228,0.1733416643704082,-0.8476339286190848,-0.099094300241269,Abbottabad,1
20,43685.232787696055,12,527.6059733237744,0.48955246900757726,0.24395319790850026,-0.6520888885930607,-0.6028206557839616,Karachi,1
37,54346.62285344619,12,653.4083468259226,0.3170710691478684,-0.22320225463480511,-1.0896330373423884,0.4322629506341555,Islamabad,0
41,81131.01197968159,16,573.0026768941358,0.06313237078225137,1.4898634386020821,-0.7847619081277034,0.47004418736820214,Karachi,0
50,63066.87055147538,12,673.3785911790748,0.338088781037717,-1.6009039784765156,-0.370508098590029,-0.7076258948220261,Abbottabad,1
41,45109.647017482384,14,494.4104353796373,0.1625520077158495,-0.828497024780246,-1.405567019178642,-0.7121738641760436,Islamabad,0
69,68018.20883245918,18,683.0880232214457,0.3431635983430487,-0.10325476014904739,0.015618333949603047,-0.11066536855732945,Karachi,1
28,43878.86940467673,14,733.3528961608924,0.03482057408120287,-1.6431888111541673,0.9022771737866472,-0.8966422273152082,Abbottabad,0
66,19428.13197233219,12,450.6264357428545,0.0874407185879797,-0.17585440443207118,-0.9077561801469204,0.8419836954521269,Karachi,1
25,34878.70533623894,16,687.4056569847572,0.42786862945289317,1.6614701657280182,1.5192839236417688,-0.36920720044744615,Gilgit,1
53,21938.121184612166,18,772.7668992473292,0.11358977851175744,0.020886488295961788,0.5107920885275947,-2.9069882193216414,Abbottabad,0
55,44727.297739380374,12,529.0358981308794,0.41852056262147,0.23070090571868349,1.0305805856240573,-0.3748220566218061,Abbottabad,1
57,50276.27568784328,12,817.2572386837703,0.13963804422720522,-1.2601647651725802,-0.6578345538521371,-1.0385438208439723,Abbottabad,1
37,75146.55968412924,16,691.9019009366045,0.3214409550293538,-0.6163614080394775,0.8545252270666157,-1.6312758154609455,Islamabad,0
52,54903.910606462436,16,579.4988144241591,0.3470752867549155,-0.375196380323937,-1.091933900395313,-1.2374266382225725,Islamabad,1
65,46713.49206786704,14,644.4230922342294,0.25632737657252647,-0.31771509675623405,0.8902475008365087,0.10940847183297006,Islamabad,0
42,62441.083717752335,18,705.8326912521723,0.15265533834836564,1.2816437950037687,0.17183933979353122,1.3286408282482312,Gilgit,1
52,16832.970364881723,18,657.6005391412411,0.10632218818554806,0.5576910607251245,0.5532512199847837,0.31318447386498,Gilgit,0
42,53534.21837162849,16,703.8755992446369,0.01659467728121311,-1.111457956937032,-1.1755946056248516,-0.6065033882157397,Abbottabad,1
46,61562.9779083045,14,,0.1519732006203619,0.24650477843200488,-0.8950698422766047,0.4559041951707027,Gilgit,1
35,27821.206313302377,18,666.9360824036078,0.3265813952656415,0.49822174849678513,0.5972282182533848,-0.45909031021899177,Karachi,1
63,67156.31064810394,16,508.628550309502,0.46915240922424134,1.1401490385212665,-0.9483480042242007,-0.6946003691631446,Abbottabad,1
35,55077.44611241621,12,638.87739386513,0.435602241131526,1.5805406865683735,0.46320629209912306,-1.1543626682329844,Abbottabad,0
19,43770.681291487985,18,559.609235853521,0.3830323882676513,-1.0150941918278686,-1.3671378064602457,-1.7518288067517191,Karachi,0
52,59491.72799159427,14,576.4470057410233,0.39422367162664934,-0.8108575112103382,0.8481742126666681,-0.3899237065594453,Abbottabad,0
33,84060.39286706594,14,773.6093175210437,0.33249245173799763,-1.2575778589146163,-1.232523314768509,0.15805348992013185,Gilgit,0
58,52727.99382587743,14,759.1310120594269,0.1301434287830015,-0.23401985910698136,0.5522999376795232,-0.09662367001488972,Islamabad,0
53,53723.30879450504,12,710.9138120907177,0.4535975153529149,0.4663583744463345,0.6256309336460009,-0.4159669279473586,Karachi,0
50,43109.58650689634,18,540.7687235327421,0.335366155952917,0.9873345165891019,-0.6967718184295749,-0.9457460606967811,Gilgit,0
21,37252.33445802813,18,,0.28022031549022,-0.07595102364252276,0.5820265670847269,0.6082461916849685,Karachi,1
50,62455.03724816369,12,,0.05549473460674054,-0.31984752325484395,0.26044226333355597,-1.317131919946585,Karachi,1
31,37158.74261136699,18,664.1716913639905,0.2235277719032127,0.15175799224874037,-0.5388418561927383,0.7760279138434754,Abbottabad,1
38,51073.49355829089,12,881.9329539981694,0.23017913560096315,-0.835142901630023,-1.008554684076208,-1.0022170189267248,Abbottabad,1
65,42835.13829852325,12,689.3317839394372,0.432281804761335,2.0895387216947734,-1.962625691672579,-0.752435237353035,Gilgit,0
37,57184.697386195876,12,669.2049116490032,0.27332411009389423,-1.6076610271180587,0.3496500472996937,-1.466785190615677,Karachi,0
25,,14,619.0883535797499,0.19020027448520482,0.18474057889572446,-1.5648027713620551,-0.5014021468856367,Abbottabad,0
24,65563.0991638685,18,663.3540904782283,0.48840016425532967,2.0236062192296393,0.0953441994413082,0.9753124584779789,Abbottabad,1
150,42349.75401717879,12,634.7530163619456,0.05536029666315784,0.006799844559997769,-0.2634482160822491,0.5156280884439565,Karachi,0
34,45951.87597059943,18,720.810867668859,0.2112742141559723,-0.19003903500149447,0.6791427754381955,0.9784221120280351,Gilgit,1
50,35318.54426326539,14,745.6702316794584,0.021012337585702645,-0.3574454228104272,-0.3020454994898642,0.5221425459339358,Gilgit,0
65,43335.60109885833,12,571.4010539492051,0.3699520603834652,-0.18039168176240783,-0.3294477863470914,-1.1036698285303692,Karachi,0
29,55659.50739567279,16,516.8767046442222,0.4590382760995753,1.3728484746765302,0.7318707042882956,-0.33078922432755736,Gilgit,0
68,61354.829249680275,14,466.37946268967033,0.14001866477524472,-2.211861911329507,0.3350580290841175,-0.7801991291174627,Abbottabad,0
39,36167.52013733562,16,700.7991326912544,0.42917083839956044,1.5334337012963255,0.3161559571827783,1.3305749040390402,Karachi,1
39,63044.088801584905,18,539.6633393826127,0.14610911523094888,-1.423957152450145,0.46926758980852623,-1.1967886464263116,Abbottabad,1
63,70334.56788207426,18,434.7109407047517,0.4553850808219576,-0.2666523292344148,-1.5355721232071058,0.8936976893891109,Islamabad,0
47,56201.523548355515,14,688.8578604530965,0.37698095179839197,-0.42924442029866183,0.756788679986982,0.8929538701087693,Islamabad,1
55,78151.937188371,18,899.299951743279,0.4024533884207193,0.5885532697707198,0.6124687940136023,1.8296202017160872,Gilgit,0
55,38393.1620134464,16,649.3929088460106,0.00900327780022725,-1.5981243518837476,-1.0166831285764972,-0.40968659262949736,Islamabad,0
62,,12,733.8490774451642,0.481405178537013,0.46217266608194285,-0.2440804736742013,0.7123221595801621,Abbottabad,0
68,23319.19626643582,12,658.1829358547565,0.36333549603516163,2.0243096232868525,-0.039307287627631186,2.2816518365388427,Islamabad,0
25,72440.66467233775,12,640.1110346808857,0.15237554769306666,-1.3631740045928105,-0.1344967844017327,-0.6176416769336966,Abbottabad,1
44,59815.484845310864,14,741.9076482987768,0.41469733242942347,0.18970616761039566,0.33385996656853467,-1.5350402475323597,Gilgit,0
44,49166.229936343174,18,620.9725455811349,0.14076059920746498,-0.6619821777966091,1.4313667818311835,-1.8800100339077637,Gilgit,0
51,54199.529394797304,16,676.7392314071903,0.436376919783064,0.42588720619303577,1.0817667276728287,0.7127120288613313,Abbottabad,1
38,33117.66429052435,18,682.1697806196014,0.05629019520596851,0.01914777741575206,-1.3122191934314063,-1.8831502080585838,Islamabad,0
47,86686.27969425239,18,583.1909546356951,0.3518429887303979,-0.6414869090443096,0.6220699903060487,-0.37231905293792283,Gilgit,1
50,51938.31772962841,18,749.2042349536523,0.27034923832245517,0.487872284871074,1.3289333195354096,0.4373131870389607,Karachi,0
45,51640.92191907339,12,632.5040243304592,0.04826723509772041,1.804348109786743,0.38680852068920263,0.18517553682991406,Gilgit,0
64,60886.49935848038,16,574.4254840507156,0.12094691412941949,-0.19090379172729868,1.090980425185967,0.42544486418417227,Islamabad,0
50,57215.1384760507,16,703.6509843570403,0.006202018138657395,0.7197579421481819,2.012270445700765,0.22228985580085406,Karachi,0
22,53358.26036418697,18,560.1532018208962,0.23438398273225292,-1.2932729578711637,1.0237095461069814,1.2788658133133932,Islamabad,0
65,38142.88316832032,12,652.8181157369128,0.1506326303800002,-0.9564363768180087,0.24930859564172886,-0.952316380738797,Abbottabad,0
36,57072.025357039936,12,649.0881003355796,0.2991787421488794,0.47240627788037737,1.0450884740847535,-0.6769951384585313,Karachi,1
21,78230.3674471255,16,758.5895565831578,0.1486189038543086,1.484116028535965,0.14488783309689118,-0.772659445270824,Islamabad,0
52,70181.30069232467,12,697.4698232879953,0.14995955575349235,0.35561334878566,0.02390304328495547,0.8301918118626102,Karachi,1
66,73897.79939959096,12,647.4973041254856,0.3715965993658017,-0.31305803052315434,-0.35141423571373254,0.9003985883950636,Islamabad,1
34,42331.76485353222,12,731.7766299200287,0.024071417989176724,-0.0007085945766459172,1.5634133588321082,0.4512253193185082,Karachi,0
61,35155.92769612129,14,789.0207549017314,0.4514474975959936,-1.2504077339697175,-0.8184286659420014,1.1834936668899279,Islamabad,1
45,48113.19619850528,18,705.7810306351862,0.4261319371955907,0.6045153263553668,1.532367724678116,-1.1780408673763807,Abbottabad,0
47,50835.87368433042,16,651.035261984338,0.33390234161320326,0.8823330623234091,0.49986412374037137,1.667224111551137,Karachi,1
46,66412.87277706423,16,518.816376764984,0.29661078505369215,-0.45209033283308037,-1.3993061748019415,1.5232386217122582,Karachi,0
63,24613.03055427771,14,543.4886336924627,0.4461512490698261,-0.4700421477595015,0.3676492929914216,0.7356219972457467,Karachi,1
23,,18,619.4775295645333,0.09266508976435722,0.2658782296520485,-2.100026507651624,1.78179890877106,Karachi,1
52,47629.88152131516,16,589.0487797840717,0.039484581095414306,-0.4367197360405955,0.6255080168310357,-1.6566232076777738,Abbottabad,0
58,43596.7839507887,12,631.3028697014554,0.11975508495476905,-0.06613261462582246,0.885231482988991,-0.5244481362626519,Karachi,1
54,34818.434371097486,16,655.6649924897107,0.39728913935009513,2.0997217891665154,-0.5923559556520536,-0.7353034606819523,Gilgit,0
41,25177.14992201346,12,702.9692754356731,0.01733513336324166,-0.24702570074599667,0.12354769595558233,0.7214793237573432,Abbottabad,0
46,62347.55875942872,14,642.9501221940909,0.2914034175417448,-0.3583401520212222,1.9541574337502863,-1.0501407396021456,Gilgit,0
66,51099.76950782606,12,698.6501643826202,0.49771875809565497,-0.6475418056351592,-0.5057467042619367,0.7574951493374855,Karachi,0
63,30650.58650388419,16,656.447441481012,0.4278480469187697,0.7441919714999368,-1.0589075870566005,1.3705361439967134,Islamabad,0
48,30573.818419045758,16,452.45334336461286,0.2607228445217947,-0.181224173218103,1.4816634024625988,0.6952029000839993,Gilgit,1
52,44963.229510648074,16,556.0664606181246,0.03182045464332117,-0.649373038321426,1.9625871905307948,0.2837510236615011,Karachi,1
50,75035.32287934089,14,635.5912444278384,0.4156867571928549,1.321304032273012,0.0036956718478473255,-0.9878733409007492,Gilgit,1
69,46106.12972954593,14,529.0305257158892,0.2994892540886053,1.4196030045136372,1.0114630354083562,-0.8468509661253646,Karachi,0
38,,18,709.9928729996204,0.057466498529783416,-0.6004235657387051,1.341475915530881,1.2496189052966666,Karachi,1
49,46313.85403871084,16,803.0750832343697,0.0469286424116781,-1.8665399513606162,-0.742484232538384,0.7793490039053323,Karachi,1
40,45909.146453784946,12,771.8761851697317,0.4548134097182962,1.0075136898369221,-0.4853058353678683,-0.03901951937754412,Islamabad,1
50,9546.700355876426,14,628.6557129069791,0.3346001314690392,-0.684629825760004,1.230874513154735,-0.41790954576589057,Gilgit,1
20,49185.577002232814,16,799.0726136849952,0.41464339965837776,0.7906255991627686,1.6850142787085094,-2.025807873111377,Abbottabad,1
35,46535.98204686983,16,664.8667457202112,0.43948945014113366,-1.9701038177118355,0.5628808601743548,-1.0708524186844388,Abbottabad,0
42,60443.095472201276,14,616.2914028881961,0.2858861760241611,0.8925973382993092,-0.8798143535020543,1.9114190871397234,Abbottabad,0
59,77734.34142418018,18,588.659733645906,0.25872317587752064,-1.2111719292807812,1.9870611116994412,-1.2804555710024668,Abbottabad,1
48,66898.47544321636,14,619.7530313511871,0.2152137051604951,0.7307641190665245,-0.5309708978119645,0.18947982122108065,Karachi,0
20,45966.669641677545,14,611.1823181458772,0.15847329389555964,0.014273067836434106,-0.33513778117145177,1.0074439731951985,Gilgit,0
57,33402.11136887495,12,667.0416222375487,0.21729798042935589,-0.9539394193966448,0.34233783448962146,-1.2549226680022925,Gilgit,1
150,88600.3970487479,12,666.0573981049864,0.3869398278650782,-0.4070363129267805,1.5541604207147741,0.1847104747810833,Islamabad,1
41,50888.27651021732,18,650.3046020153414,0.3009617155075658,0.6863184569567008,0.8539759765522237,0.937915537510655,Gilgit,0
67,50208.939378694195,16,693.693816974635,0.44626164497742304,0.10589445311523424,0.41486550036191044,0.012499321907250335,Gilgit,1
49,49638.12369334995,14,769.0646274786342,0.22169000718959386,0.5844129804724842,0.4632885301181062,2.8684030556667683,Gilgit,0
64,52971.271411517824,18,744.9554135441324,0.303544789359377,1.9764405845154855,0.04351466864346608,-1.6685992588781953,Islamabad,0
39,47834.593821140865,12,501.51020315500966,0.31565377654599436,-1.5642416117110514,0.5581395145185063,1.0587285298838789,Abbottabad,1
40,41395.069896796456,14,394.60788650980453,0.29584858115316276,1.617212574968624,-2.529560077694303,-0.17280173739646437,Gilgit,0
19,41797.115881394115,16,743.4319911239273,0.35131688654275817,0.10435593752321293,-0.29660745906979835,0.7719201548366751,Islamabad,0
44,49508.70094676002,12,513.3121301584579,0.11871673418740314,-0.8987840483231282,0.241321934916781,0.44130715169924584,Islamabad,0
59,41848.62843299352,12,627.5234598107317,0.2561818887728953,-1.3303136257389898,-1.151014083619507,-0.7331561971099966,Karachi,1
19,,12,532.988697394064,0.052112401404173836,-0.1891203907770335,0.38632331781156,0.22899639245934025,Islamabad,1
43,51596.453415378455,18,469.801956241998,0.19225566382240628,0.9216501119244593,-0.20447122098612153,-1.8579014513982872,Abbottabad,1
34,46175.34173868717,16,704.1462728204788,0.2438335343106322,-0.12754912037753421,1.75547569831549,0.6032475005713938,Gilgit,1
57,72559.89482874033,14,725.9155160302647,0.32611212977273624,1.5111549302473475,1.5730197252148563,0.29815846599052565,Islamabad,0
50,10235.45287410482,18,592.348959927328,0.47526552629310176,-1.4511756900515589,-0.46580556911816284,0.6386601686431024,Abbottabad,1
26,,18,390.895770785509,0.30032553327417794,-0.01208894784605456,-0.15083771156669531,1.0581183250871502,Islamabad,1
60,68691.27788746444,18,595.3755551747518,0.3717969580882799,-1.252393444413119,-0.0739475656083926,0.3676198402097109,Islamabad,1
65,18899.146513877757,12,689.1804005402546,0.2531330297476014,0.3636318826249679,-0.4516594761596227,0.1480894197982762,Islamabad,1
56,44859.68608879477,16,502.10884312258713,0.31705201568816566,0.8868873900973003,0.19502498402812674,-0.8810683366612923,Islamabad,0
46,44428.38701006313,18,668.3359919779156,0.035466108066886715,-0.42076179368105326,-0.7582820688875902,-0.712220763649051,Islamabad,0
59,28887.32457923268,14,648.4690150827005,0.1271957904209235,-2.6042138566271342,-1.1306153349375263,1.186734620177331,Abbottabad,0
43,38332.74968613687,16,707.9291499601088,0.18092654660256935,0.19894814679649453,0.6227112239002686,1.4363354057059785,Gilgit,1
52,33341.36231801257,14,661.9580368414154,0.23624667750325679,0.4367385517335095,0.6295295842218108,-0.23811043631205406,Gilgit,1
67,76284.05665135435,16,552.6931059118444,0.022824372751191868,0.40429475496169764,-0.8043157596599924,0.04600274725327412,Gilgit,0
42,64035.17589721191,14,769.6571501664491,0.07001204877665884,1.235782191822154,0.8953554307625996,-0.9046143749937661,Gilgit,1
41,,12,634.147042697303,0.1384071538956529,-1.0710536796490489,-0.6315777291653314,1.1727568452674448,Abbottabad,1
30,60825.08096064853,18,647.2695460490069,0.4857663454505253,0.6802161054504494,0.2531652380379812,0.6654168236917787,Karachi,0
24,33064.22343174156,14,556.6732040926804,0.16567350355152538,1.192507512477975,0.820344012612456,1.9412174364637491,Karachi,0
53,42132.196005803395,16,605.671774880849,0.24102052905604127,-1.7785875840065168,-0.03361256470371301,-0.8783230771797389,Abbottabad,1
62,57340.61841841877,18,561.51972859731,0.09804885636919647,0.31965182591897723,0.4547409121411344,-0.3780078990182172,Abbottabad,1
37,31668.082866620818,18,632.7053940076577,0.30539003553788413,-0.5041798310076715,-0.5164296438875717,0.2314459225255723,Islamabad,1
18,60694.97645258582,16,821.1708480142344,0.14034160775798715,-0.08152267310164589,-0.19646658342809717,0.6464895377257707,Islamabad,0
25,46395.119027627974,14,512.8098857068644,0.10349628921921339,0.34767648353833636,-0.20585943088034037,-0.21566763754763232,Islamabad,0
63,44377.68788675604,12,488.6438602123259,0.25828631422298953,-0.4872285641135523,-0.7465783465402389,-0.8729610904537004,Gilgit,0
33,,12,797.1170327493609,0.0027528995802104106,-0.6757080791616118,-0.1767741631157821,0.8814075289235711,Islamabad,0
31,56663.9496722906,14,629.0676322848134,0.0038320163246126637,0.0341524174880246,-1.5486182988637467,0.7211353625455816,Karachi,1
29,44585.507512713804,18,583.0927261340083,0.10953440455092889,-1.0872459388628026,-0.4911537471421047,-0.9162741005637249,Gilgit,0
68,67389.94705046373,18,753.9904687396076,0.01836068125041057,-1.0858251288851855,-0.28487549336967083,1.3554428011054958,Islamabad,0
40,33784.05008600154,18,589.4384460263136,0.05401287706534569,0.6793732829565033,-0.2561797524953801,1.1701987091966037,Gilgit,1
32,59239.034104163955,18,832.6009713546937,0.1694303246693758,-1.148794035158656,-0.24149744587077882,0.13429649724779288,Karachi,1
45,58896.51886952575,14,717.7925871339269,0.40129283978990643,0.6663125009092119,-0.061764199860128925,0.07959786237603639,Islamabad,1
51,45356.803410290144,18,601.2088591854297,0.2860243216846504,0.4625912928539512,0.4794415180860639,0.5540577711159071,Karachi,0
19,54891.99533363177,16,865.7308213265503,0.2563338629782082,-1.7258067287905967,0.8745170741325226,-0.8617030702562581,Karachi,1
49,31233.296354220456,18,589.4285076996662,0.14674441160406082,-0.6775646523356551,-0.6497652268482671,0.03003147916408217,Karachi,1
40,63860.40528810352,12,724.2095372009308,0.4658768597164082,1.1941094030473725,-1.2032008553891445,-2.1523835446091804,Islamabad,0
39,47226.46795335517,18,679.9292580406492,0.19850752061859583,-0.9811655311396816,-1.042044412243103,0.8764556455029355,Abbottabad,0
68,42159.154692214404,14,780.1741289398798,0.043546383397885746,-0.46440426230938764,-0.48720292119492714,-1.5614932224418594,Islamabad,1
42,65735.13838755334,12,806.1511196726852,0.30853325805890064,0.4620608932518965,-0.3519213178165091,1.503419828428999,Karachi,0
39,39434.84464185861,14,653.2004149065766,0.056919196738300704,0.7833905092825955,-0.7699960661974573,-0.3301200939664503,Islamabad,1
39,28873.080554546606,14,574.6582129653816,0.17261157140084604,-0.2515388860444957,-1.2961166642498945,-0.2116669819311769,Karachi,1
66,26650.562397141442,12,695.9972142939116,0.25370596935890444,-0.5975101946916416,-0.4561208274741882,-0.6277339060845056,Abbottabad,0
69,59090.14927018459,14,582.2284630247893,0.4371112623425879,1.4223698616985077,0.18142662011397137,-0.2880388739220764,Gilgit,1
59,30793.559712555754,14,851.3387247526623,0.24677329017005933,1.7388996637975789,0.5950294658355647,1.4185313451480366,Abbottabad,0
23,76321.91272976546,18,663.6535331082738,0.35112938301583213,0.9788580507817954,-0.5574230531083212,-2.4878086565350794,Abbottabad,0
32,18771.058881744168,16,613.4678448687891,0.4964084194995352,0.08531814256502405,-0.41299782214343406,1.2769653860881878,Gilgit,0
60,75446.84552435057,14,668.4680305864908,0.06574455994899081,-0.8082657216409264,-0.9266983088473107,0.33802348110170816,Islamabad,1
54,53165.26200803927,14,515.2873710470303,0.13736576275975976,-0.8304444065565653,-0.03143917037477642,-1.2070216478572156,Gilgit,0
50,48549.30332194411,14,552.8385961489348,0.1972880377988232,0.5225141052657575,-0.8484286341908146,-1.0753123930492379,Islamabad,0
25,41826.21369786575,18,770.0413907944426,0.21091408926941568,0.4183982208886837,0.5731278132412001,1.676393027208203,Islamabad,1
61,55987.04171528106,16,584.3105721028604,0.20551053763277288,1.4015985929464294,-1.7858664919341112,-0.9455068799427312,Karachi,1
61,49435.47946362727,12,545.308901731806,0.45380550127827746,0.6504500925361392,-0.3596296724524624,-1.1533505105959594,Karachi,1
22,66549.52823024782,18,703.6652752527286,0.3570163222334282,-1.503080301759818,0.3011073391917421,1.1373145423647293,Gilgit,1
150,51713.41472993059,18,768.5704154662997,0.3039526070453519,1.0519476177229186,0.18383451632250436,0.33855287628591424,Abbottabad,0
21,52254.52642192817,16,721.8953310665066,0.15468635893139104,-0.9980606273144129,2.6930336639804966,-0.9379255765363989,Gilgit,0
23,44545.81681679216,16,749.6047685805817,0.41189519211064735,-0.3839712719523516,0.34980002456790754,0.216624975404619,Islamabad,0
62,49145.81564418399,18,574.3204911430539,0.47753025574249447,0.2502002062516945,-1.0040545968420103,-1.0257526836402773,Karachi,1
49,54617.026533380886,12,507.81893332581564,0.41059914127511327,1.9956674897839644,-0.09546424708907303,1.1008213984226052,Gilgit,1
69,24347.474110150615,18,800.1333651955487,0.0007825525957364521,3.109918556005361,-1.7762463334664518,1.0613709648731335,Gilgit,0
47,29777.218668414305,16,617.7320161157865,0.3182006850917035,0.6067230591361827,-0.08059974929676088,0.5320061988219431,Karachi,1
64,61148.96141034072,12,624.9166983544952,0.025567690721050362,-0.18319661872038787,-0.8330560570007587,0.3616610612470166,Karachi,1
52,52562.981571919125,16,782.8194141849058,0.12880361016686093,0.5345056484805503,0.9153902755601617,1.7611881248673737,Karachi,0
57,47240.24995470981,12,705.623000940066,0.029762350173885843,0.8876554258738361,-0.5495402745955349,-0.0003136726117747121,Islamabad,0
69,50276.5089959809,14,695.5887772081608,0.3018977264746939,-0.3206676255571917,-0.11676591579524663,-1.1818741254208012,Karachi,1
33,55213.72558042507,16,866.5002344901084,0.3432949567463034,1.7952113559123222,-0.6355578414044034,0.44947391283230687,Abbottabad,1
30,41903.60479535958,16,585.6481769619857,0.05724381903295256,0.23007075919140207,1.7388513518533313,2.0860470495371137,Gilgit,1
67,38325.42911896531,18,742.7840128081237,0.19191944152248974,0.49774308909139425,-0.3212427661179117,-1.0147594931858521,Karachi,0
59,52937.67882646522,16,655.7013124897085,0.228118254477771,0.6659242520544614,1.8325570434792018,-0.36146276669398575,Karachi,0
47,35324.40833577452,16,676.8592278863257,0.1845265108804583,0.4215866106144557,0.8141517621182666,0.41644603810145264,Islamabad,0
36,56123.79133571708,14,802.8468426412531,0.06051250024259652,0.8389405004696122,0.48206672733538614,-0.05390484900573916,Islamabad,0
34,24461.245936432395,16,700.7835756289624,0.2094738950937377,-0.6172531865469232,0.3687331473175197,-0.9823035803773146,Gilgit,0
36,65437.33455988466,14,703.8296079049633,0.37558902390420906,-0.5583017539460305,0.39379729821625153,1.1218578562304709,Abbottabad,1
150,57088.96223619564,14,757.2507337309802,0.03550383226662773,-1.100154232971695,-1.92767257934561,2.3200407220172594,Gilgit,1
43,53840.44601470813,14,613.5047270457114,0.040090007040951725,0.4395012306202264,-0.2788833941507565,0.19613145902390733,Karachi,1
54,64740.36475918271,14,566.0790332660994,0.1773856459179921,0.7789365035121141,0.8451579711843216,-0.9040682897360003,Abbottabad,0
43,74982.11666693864,12,545.5190805978966,0.4708628558094625,0.4577728661518858,-0.04889718347410554,-1.548960525053475,Abbottabad,0
40,65215.55097527196,18,453.36434106239983,0.334286323361457,1.6744924333475373,-1.405189846803575,0.2579759812211809,Abbottabad,0
26,22386.88653002532,12,855.6207129940321,0.3393349783362824,-0.005596018829046555,-0.05240445057746945,1.1038773433162576,Abbottabad,1
29,30806.345498964478,16,539.6791634278317,0.18095999541893248,0.6687416555925126,1.7041055162554912,0.4751677464953816,Gilgit,0
18,40627.72133456482,12,627.8746376414229,0.2968303956042692,-1.0917008761393143,1.2468917155347194,-0.002403840918853844,Islamabad,0
18,50391.36575316251,12,622.3186700111079,0.005065592013871689,-0.387099702474401,-0.062004009366031745,-0.5892716517893062,Islamabad,1
64,57764.88530703685,16,680.74066978091,0.3180480232047711,0.6955377575657775,0.9514492770580866,-1.0921636327180897,Karachi,0
51,39113.84280269802,16,731.5737212539296,0.45664347378811837,0.849102110743144,-0.36650702036805183,0.8347513263248821,Islamabad,1
49,52801.50146715617,16,736.0473488359745,0.3062867341724096,-0.29396694766418224,-1.703871586826719,0.9137716213855857,Islamabad,0
65,38669.256014700164,12,591.6922561431062,0.4368492967331725,-0.07159925185806683,-0.9244659881295544,-1.5457297866907331,Islamabad,0
42,40827.23295512078,12,633.2878286213588,0.3619865277330469,-1.5178737466808094,1.5628887685081978,1.5898389781806839,Islamabad,1
57,28900.083547276667,16,678.2579950488299,0.060279208201845125,-0.3570292008066094,-0.2739930818293042,0.5740712208940013,Karachi,1
62,36151.50130833643,18,625.1308873816453,0.45122665364292086,0.8903831635197862,-0.24338397937501807,1.3995946451457935,Gilgit,1
18,29724.730915754997,18,810.7345576019993,0.03322192217788744,0.5752050161065663,-0.29983819627488056,-1.342127748485115,Abbottabad,1
